{
    "cgpa": 0.8,
    "gpa": 0.8,
    "hey": 0.36019257706272495,
    "kya": 0.7445720743131921,
    "semester": 1.0
}