{
    "hour": 0.8,
    "credit": 0.8,
    "passed": 0.7,
    "mere": 0.430792497517700804,
    "tell": 0.6639327982645652,
    "total": 0.9
}