{
    "gpa": 0.8,
    "lowest": 0.08091510129407676,
    "student": 0.46012966636939574,
    "class": 0.5673528736168631,
    "kya": 0.4212979662790874,
    "minimum": 0.9255487711333764,
    "min": 0.7,
    "cgpa": 0.8
}