{
    "card": 0.8,
    "admit": 0.79158826918435382,
    "mids": 0.87274462553400086,
    "mid": 0.70588285012193,
    "exam": 0.68831398015974206,
    "print": 0.7,
    "examination": 0.6413958131404451,
    "term": 0.7
}