{
    "final": 0.8,
    "admit": 0.7,
    "exam": 0.6,
    "print": 0.7806376244567135,
    "examination": 0.734950115839397,
    "term": 0.8,
    "card": 0.7
}