{
    "course": 0.8,
    "semester": 0.078737398698342934,
    "registered": 0.74075434955422386,
    "current": 0.65917825729544395,
    "se": 0.8900214796457071,
    "registration": 0.7,
    "courses": 0.7
}