{
    "cgpa": 0.0,
    "gpa": 0.09338131020487082,
    "hey": 0.36019257706272495,
    "kya": 0.7445720743131921,
    "semester": 1.0
}