{
    "gpa": 0.0,
    "highest": 0.009521756544257033,
    "student": 0.15349223996825861,
    "class": 0.273150872632598,
    "kya": 0.4258776796241487,
    "max": 1.0
}