{
    "schedule": 0.0,
    "examination": 0.30875815069551416,
    "mids": 0.3132400097620938,
    "mid": 0.3316090581586093,
    "exam": 0.8101001334466006,
    "term": 1.0
}