{
    "gpa": 0.0,
    "lowest": 0.05091510129407676,
    "student": 0.16012966636939574,
    "class": 0.2673528736168631,
    "kya": 0.4212979662790874,
    "minimum": 0.6255487711333764,
    "min": 1.0
}