{
    "card": 0.0,
    "admit": 0.19158826918435382,
    "mids": 0.27274462553400086,
    "mid": 0.360588285012193,
    "exam": 0.38831398015974206,
    "admin": 0.48327450207283207,
    "print": 0.5123213360501523,
    "examination": 0.6413958131404451,
    "term": 1.0
}