{
    "hour": 0.0,
    "credit": 0.010141311597607295,
    "passed": 0.41105054153907605,
    "mere": 0.43079297517700804,
    "tell": 0.6639327982645652,
    "total": 1.0
}