{
    "schedule": 0.0,
    "examination": 0.2763042716774238,
    "exam": 0.8024710061929947,
    "term": 1.0
}