{
    "info": 0.0,
    "information": 0.03301289278519767,
    "personal": 0.8394660847585972,
    "details": 1.0
}