{
    "final": 0.0,
    "admit": 0.19524230443764024,
    "exam": 0.4294917523963419,
    "admin": 0.5464902297387584,
    "print": 0.5806376244567135,
    "examination": 0.734950115839397,
    "term": 1.0
}