{
    "course": 0.0,
    "semester": 0.018737398698342934,
    "registered": 0.14075434955422386,
    "current": 0.35917825729544395,
    "se": 0.8900214796457071,
    "registration": 1.0
}